
Daily commit on Sun Nov 23 09:20:07 UTC 2025
Daily commit on Sun Nov 23 12:28:04 UTC 2025
Daily commit on Mon Nov 24 12:34:03 UTC 2025
Daily commit on Tue Nov 25 12:34:23 UTC 2025
Daily commit on Wed Nov 26 12:35:03 UTC 2025
Daily commit on Thu Nov 27 12:34:09 UTC 2025
Daily commit on Fri Nov 28 12:33:09 UTC 2025
Daily commit on Sat Nov 29 12:29:59 UTC 2025
Daily commit on Sun Nov 30 12:29:37 UTC 2025
Daily commit on Mon Dec  1 12:35:15 UTC 2025
Daily commit on Tue Dec  2 12:35:36 UTC 2025
Daily commit on Wed Dec  3 12:35:27 UTC 2025
